TF1,TF2,r,|r|,p
BATF,BCL6,0.3982319951061928,0.3982319951061928,0.0010184302930606435
BATF,CEBPA,0.3755566706601283,0.3755566706601283,0.002050770817445683
BATF,CEBPB,0.46050264611256986,0.46050264611256986,0.00011342982413297775
BATF,E2F1,0.009361685761840004,0.009361685761840004,0.9409996972147494
BATF,ETS1,0.13369381088470092,0.13369381088470092,0.28835601190695365
BATF,FOS,0.2667594987642647,0.2667594987642647,0.03171029815218926
BATF,FOXP3,0.5623234976344682,0.5623234976344682,1.089519834659433e-06
BATF,GATA1,0.3152624431702264,0.3152624431702264,0.01052751694675389
BATF,GATA3,0.346270972753876,0.346270972753876,0.004720106872450664
BATF,HIF1A,0.5785547636165187,0.5785547636165187,4.4700304403150676e-07
BATF,IRF1,0.18233539684352507,0.18233539684352507,0.14602139276623663
BATF,IRF4,0.67690521500943,0.67690521500943,6.002747411815302e-10
BATF,IRF8,-0.02608695048111111,0.02608695048111111,0.8365769659322515
BATF,JUN,0.3896511945929088,0.3896511945929088,0.0013350309244634343
BATF,LEF1,0.2033133665557891,0.2033133665557891,0.10429579193988393
BATF,MYC,0.4617107186999853,0.4617107186999853,0.00010823411633287048
BATF,NFE2L2,0.46249867425866903,0.46249867425866903,0.00010496427501484992
BATF,NFKB1,0.6340387492630382,0.6340387492630382,1.4287598622443461e-08
BATF,NR3C1,0.6515895634505071,0.6515895634505071,4.146882125916536e-09
BATF,PAX5,0.016933184769479734,0.016933184769479734,0.8934972031135877
BATF,PRDM1,0.6184904336370209,0.6184904336370209,4.012365225903305e-08
BATF,RELA,0.5599158426218034,0.5599158426218034,1.2384853166266822e-06
BATF,RUNX1,0.24355936899412192,0.24355936899412192,0.050572600157750294
BATF,RUNX3,0.2011750222648351,0.2011750222648351,0.10806963484905019
BATF,SMAD3,0.5350784029773301,0.5350784029773301,4.38901631514668e-06
BATF,SPI1,0.6971654206241218,0.6971654206241218,1.1083761280733654e-10
BATF,STAT1,0.2658057168050298,0.2658057168050298,0.03234878698765855
BATF,STAT4,0.10316450098965882,0.10316450098965882,0.4134795952717024
BATF,TBX21,0.07870993678277703,0.07870993678277703,0.5331301344618116
BATF,TCF7,0.5827146002244954,0.5827146002244954,3.5298065710717934e-07
BATF,TP53,0.5648396134511253,0.5648396134511253,9.519226684606413e-07
BCL6,CEBPA,-0.10659536808794881,0.10659536808794881,0.39803502035726107
BCL6,CEBPB,0.1400627245578672,0.1400627245578672,0.26579120352014846
BCL6,E2F1,0.25587644117256214,0.25587644117256214,0.03965739781511968
BCL6,ETS1,0.7509439477509593,0.7509439477509593,5.83911494172465e-13
BCL6,FOS,0.45789949612699626,0.45789949612699626,0.00012541461638324795
BCL6,FOXP3,0.5347443248009383,0.5347443248009383,4.4613131752585915e-06
BCL6,GATA1,0.09995742091602446,0.09995742091602446,0.4282249595403418
BCL6,GATA3,0.33302112150530655,0.33302112150530655,0.0067151446808747465
BCL6,HIF1A,0.541152560328335,0.541152560328335,3.2510620765865955e-06
BCL6,IRF1,0.47903434402750983,0.47903434402750983,5.417934640126261e-05
BCL6,IRF4,0.8554082249916082,0.8554082249916082,1.1649906700332884e-19
BCL6,IRF8,0.4134584855371711,0.4134584855371711,0.0006186993247985831
BCL6,JUN,0.3222578384074555,0.3222578384074555,0.008845814899247913
BCL6,LEF1,0.5969329949489961,0.5969329949489961,1.5352739097222834e-07
BCL6,MYC,0.6115511274140258,0.6115511274140258,6.248254843403628e-08
BCL6,NFE2L2,0.5235170969802866,0.5235170969802866,7.648513998637427e-06
BCL6,NFKB1,0.6893487671002707,0.6893487671002707,2.1615739051387684e-10
BCL6,NR3C1,0.5605278813978094,0.5605278813978094,1.1989038877944977e-06
BCL6,PAX5,0.41656290626754555,0.41656290626754555,0.0005572954521091735
BCL6,PRDM1,0.1978181043066787,0.1978181043066787,0.11420575474209944
BCL6,RELA,0.5466344016349928,0.5466344016349928,2.4671212815888286e-06
BCL6,RUNX1,0.7686385455097658,0.7686385455097658,7.693216746894984e-14
BCL6,RUNX3,0.6940733690823419,0.6940733690823419,1.4472022462936463e-10
BCL6,SMAD3,0.34483919937622126,0.34483919937622126,0.004906918520094429
BCL6,SPI1,0.17421836937595822,0.17421836937595822,0.1651430999757658
BCL6,STAT1,0.5848105673506508,0.5848105673506508,3.1299171468762825e-07
BCL6,STAT4,0.6778336184883199,0.6778336184883199,5.571819431974759e-10
BCL6,TBX21,0.675619277020546,0.675619277020546,6.652275529275869e-10
BCL6,TCF7,0.49400500420031873,0.49400500420031873,2.8892598004948932e-05
BCL6,TP53,0.5474209997990939,0.5474209997990939,2.3703959054450617e-06
CEBPA,CEBPB,0.37558614669695156,0.37558614669695156,0.002048970634264334
CEBPA,E2F1,-0.08054045765341238,0.08054045765341238,0.5236194840435447
CEBPA,ETS1,-0.3409996499784894,0.3409996499784894,0.005440481444623732
CEBPA,FOS,0.21274992771029044,0.21274992771029044,0.08884860483619925
CEBPA,FOXP3,0.37079678396905713,0.37079678396905713,0.0023607368170145302
CEBPA,GATA1,0.13573831254325325,0.13573831254325325,0.28097912426738625
CEBPA,GATA3,-0.05438540645311518,0.05438540645311518,0.666991875677311
CEBPA,HIF1A,0.2518463235083616,0.2518463235083616,0.04299065888654512
CEBPA,IRF1,-0.08706578669062702,0.08706578669062702,0.49042181340692625
CEBPA,IRF4,0.12590818054158537,0.12590818054158537,0.31760479950948883
CEBPA,IRF8,0.02098944101996606,0.02098944101996606,0.8681907420467023
CEBPA,JUN,0.46694361856155514,0.46694361856155514,8.816091513271956e-05
CEBPA,LEF1,-0.06239331970916063,0.06239331970916063,0.6214812536184411
CEBPA,MYC,0.11430524361067335,0.11430524361067335,0.36459001184635237
CEBPA,NFE2L2,0.09888184521891542,0.09888184521891542,0.4332362473124132
CEBPA,NFKB1,0.12535074654894499,0.12535074654894499,0.31976928632767715
CEBPA,NR3C1,0.37606780685299596,0.37606780685299596,0.002019754066226489
CEBPA,PAX5,-0.09937489819422325,0.09937489819422325,0.4309349327016297
CEBPA,PRDM1,0.5981260806209501,0.5981260806209501,1.4290517806334306e-07
CEBPA,RELA,0.2978042657938864,0.2978042657938864,0.015981804038065366
CEBPA,RUNX1,-0.22914176733439212,0.22914176733439212,0.06634771449392975
CEBPA,RUNX3,-0.3059658608968471,0.3059658608968471,0.013187352253636521
CEBPA,SMAD3,0.5076494471363094,0.5076494471363094,1.5869713001556498e-05
CEBPA,SPI1,0.6020421959518866,0.6020421959518866,1.1270613754303484e-07
CEBPA,STAT1,0.01860311019099037,0.01860311019099037,0.8830644588481212
CEBPA,STAT4,-0.17375666645724494,0.17375666645724494,0.16628355345025247
CEBPA,TBX21,-0.36468344967078614,0.36468344967078614,0.0028199173121163062
CEBPA,TCF7,0.37455879703889133,0.37455879703889133,0.002112555238018409
CEBPA,TP53,0.35142382491269925,0.35142382491269925,0.004098716067259319
CEBPB,E2F1,0.00013575190499837855,0.00013575190499837855,0.999143686345643
CEBPB,ETS1,-0.21847580500425,0.21847580500425,0.08039122913237597
CEBPB,FOS,0.38590324237864587,0.38590324237864587,0.001499220347761503
CEBPB,FOXP3,0.4309745739117256,0.4309745739117256,0.0003385050863248698
CEBPB,GATA1,0.11393612701925641,0.11393612701925641,0.3661510298405868
CEBPB,GATA3,0.012285595755694486,0.012285595755694486,0.9226220558897806
CEBPB,HIF1A,0.43376307764632865,0.43376307764632865,0.0003065835039207131
CEBPB,IRF1,0.17455694614449738,0.17455694614449738,0.164310439857825
CEBPB,IRF4,0.38169243760280197,0.38169243760280197,0.0017051585626930857
CEBPB,IRF8,0.0004135081516165769,0.0004135081516165769,0.9973916231436145
CEBPB,JUN,0.497535806389745,0.497535806389745,2.4803405287737686e-05
CEBPB,LEF1,-0.005658745379208659,0.005658745379208659,0.9643166349668194
CEBPB,MYC,0.3287163977974288,0.3287163977974288,0.007506178944274543
CEBPB,NFE2L2,0.37687802912157925,0.37687802912157925,0.001971448203876948
CEBPB,NFKB1,0.3601835040221152,0.3601835040221152,0.0032071240072560924
CEBPB,NR3C1,0.5595933051075193,0.5595933051075193,1.259834475119154e-06
CEBPB,PAX5,0.012716816586602689,0.012716816586602689,0.9199148810781246
CEBPB,PRDM1,0.6000024333737818,0.6000024333737818,1.275912472384967e-07
CEBPB,RELA,0.587858063319141,0.587858063319141,2.623922608136039e-07
CEBPB,RUNX1,-0.12019603859629491,0.12019603859629491,0.34022936921399577
CEBPB,RUNX3,-0.17099641054610187,0.17099641054610187,0.17322245436321654
CEBPB,SMAD3,0.5043316295148019,0.5043316295148019,1.8402267512335608e-05
CEBPB,SPI1,0.6084286444909422,0.6084286444909422,7.599981909902252e-08
CEBPB,STAT1,0.20139300316874947,0.20139300316874947,0.10768017128956961
CEBPB,STAT4,-0.03227427721002174,0.03227427721002174,0.7985522450706259
CEBPB,TBX21,-0.21090738213981544,0.21090738213981544,0.09171409492475549
CEBPB,TCF7,0.4675953314864738,0.4675953314864738,8.591710909359905e-05
CEBPB,TP53,0.5390697506431613,0.5390697506431613,3.605830402923303e-06
E2F1,ETS1,0.4396103592839658,0.4396103592839658,0.0002483918776959587
E2F1,FOS,0.19492716230836357,0.19492716230836357,0.11970161570639692
E2F1,FOXP3,0.41402382193961895,0.41402382193961895,0.000607079283629412
E2F1,GATA1,-0.018328285358746733,0.018328285358746733,0.8847800962127217
E2F1,GATA3,0.08930244012827385,0.08930244012827385,0.47930261272632685
E2F1,HIF1A,0.4280701220625238,0.4280701220625238,0.0003749548330445403
E2F1,IRF1,0.34933605595123135,0.34933605595123135,0.004341169929323938
E2F1,IRF4,0.18806557784248207,0.18806557784248207,0.13355343800630176
E2F1,IRF8,0.24552825149476767,0.24552825149476767,0.04867889102542697
E2F1,JUN,0.11722328190431368,0.11722328190431368,0.35239276868118324
E2F1,LEF1,0.4945802286800905,0.4945802286800905,2.8186363487276933e-05
E2F1,MYC,0.6031222279353871,0.6031222279353871,1.0550415581406438e-07
E2F1,NFE2L2,0.45815912275000037,0.45815912275000037,0.00012416904017748022
E2F1,NFKB1,0.4208094764282538,0.4208094764282538,0.0004822608221303088
E2F1,NR3C1,0.20198254075157407,0.20198254075157407,0.10663228530517768
E2F1,PAX5,0.2900534127613341,0.2900534127613341,0.01909147314393843
E2F1,PRDM1,0.06718733985488215,0.06718733985488215,0.5948833816365875
E2F1,RELA,0.1737096509421631,0.1737096509421631,0.16640001002686766
E2F1,RUNX1,0.5309640352801878,0.5309640352801878,5.360771812697398e-06
E2F1,RUNX3,0.519149638918909,0.519149638918909,9.384628641713194e-06
E2F1,SMAD3,0.20560135106076216,0.20560135106076216,0.10037183890732222
E2F1,SPI1,0.05929612079943903,0.05929612079943903,0.6389281884338794
E2F1,STAT1,0.3818473436725028,0.3818473436725028,0.0016971542324845002
E2F1,STAT4,0.711986634729427,0.711986634729427,2.9414076317626943e-11
E2F1,TBX21,0.34681597796846614,0.34681597796846614,0.004650665035767653
E2F1,TCF7,0.37506687826617696,0.37506687826617696,0.0020808917496420863
E2F1,TP53,0.3192631705085076,0.3192631705085076,0.009534678029423305
ETS1,FOS,0.09820774039811826,0.09820774039811826,0.4363938162813887
ETS1,FOXP3,0.3402147273580776,0.3402147273580776,0.005555644847081949
ETS1,GATA1,0.12913418046315175,0.12913418046315175,0.30526298742006297
ETS1,GATA3,0.23965096878774086,0.23965096878774086,0.05451027051505049
ETS1,HIF1A,0.31577188984894544,0.31577188984894544,0.010396300140908758
ETS1,IRF1,0.5015451710070651,0.5015451710070651,2.081425359722832e-05
ETS1,IRF4,0.6119646165605939,0.6119646165605939,6.087325045647983e-08
ETS1,IRF8,0.45321203143612987,0.45321203143612987,0.00014997447526061535
ETS1,JUN,-0.0677110467433157,0.0677110467433157,0.5920087883732039
ETS1,LEF1,0.5839273018471611,0.5839273018471611,3.2929325773276335e-07
ETS1,MYC,0.4302605695386584,0.4302605695386584,0.0003471525499248045
ETS1,NFE2L2,0.3904334660374627,0.3904334660374627,0.0013028759873219178
ETS1,NFKB1,0.5519425320002062,0.5519425320002062,1.8798172224869143e-06
ETS1,NR3C1,0.16717549563753245,0.16717549563753245,0.18317293757522493
ETS1,PAX5,0.4723778685661233,0.4723778685661233,7.099391788355789e-05
ETS1,PRDM1,-0.11592827217305782,0.11592827217305782,0.35777439585740595
ETS1,RELA,0.1195168859994746,0.1195168859994746,0.3429847916885757
ETS1,RUNX1,0.9667897733348908,0.9667897733348908,4.8773825228688495e-39
ETS1,RUNX3,0.9592865381294171,0.9592865381294171,2.6659645557037836e-36
ETS1,SMAD3,0.07003445518655749,0.07003445518655749,0.5793314799674228
ETS1,SPI1,-0.0937460779152002,0.0937460779152002,0.4576160950074749
ETS1,STAT1,0.5485814521383129,0.5485814521383129,2.234164577550467e-06
ETS1,STAT4,0.7993313222549953,0.7993313222549953,1.4395539028305078e-15
ETS1,TBX21,0.9502213669057271,0.9502213669057271,1.3076839087207643e-33
ETS1,TCF7,0.20156346695740682,0.20156346695740682,0.10737636237390603
ETS1,TP53,0.19992232530035128,0.19992232530035128,0.11032894362396448
FOS,FOXP3,0.4743224416690791,0.4743224416690791,6.56415059156646e-05
FOS,GATA1,0.0860750079649636,0.0860750079649636,0.49539023103509416
FOS,GATA3,0.22541590321113764,0.22541590321113764,0.07101016673773468
FOS,HIF1A,0.48435992453185595,0.48435992453185595,4.34665557127108e-05
FOS,IRF1,0.43529652669730423,0.43529652669730423,0.0002902252989865628
FOS,IRF4,0.37633592910539415,0.37633592910539415,0.0020036524238184086
FOS,IRF8,0.36008906878513447,0.36008906878513447,0.0032157330212589158
FOS,JUN,0.8820447556331962,0.8820447556331962,2.9047313397070095e-22
FOS,LEF1,0.23875617946821953,0.23875617946821953,0.055445998072571154
FOS,MYC,0.5566679293518495,0.5566679293518495,1.469875039628538e-06
FOS,NFE2L2,0.5820098330006993,0.5820098330006993,3.674743963189775e-07
FOS,NFKB1,0.5887410779918908,0.5887410779918908,2.49238081920418e-07
FOS,NR3C1,0.6920741818994786,0.6920741818994786,1.71657038474398e-10
FOS,PAX5,0.23898897382989573,0.23898897382989573,0.05520130485815122
FOS,PRDM1,0.4115092150320345,0.4115092150320345,0.0006603302306646287
FOS,RELA,0.7587239416618611,0.7587239416618611,2.4467558903442907e-13
FOS,RUNX1,0.1998238251201756,0.1998238251201756,0.1105081266818697
FOS,RUNX3,0.03018896932862999,0.03018896932862999,0.8113203384195692
FOS,SMAD3,0.4437335212643516,0.4437335212643516,0.00021363967469089387
FOS,SPI1,0.38676588636253106,0.38676588636253106,0.0014598998581437932
FOS,STAT1,0.5037349088985685,0.5037349088985685,1.889580797035509e-05
FOS,STAT4,0.26139331025786855,0.26139331025786855,0.035444127615083254
FOS,TBX21,-0.025768724380273538,0.025768724380273538,0.8385435615440218
FOS,TCF7,0.5466326503769533,0.5466326503769533,2.4673406935057098e-06
FOS,TP53,0.7288070548249852,0.7288070548249852,5.881702419582002e-12
FOXP3,GATA1,0.16561988761113358,0.16561988761113358,0.1873402747815566
FOXP3,GATA3,0.2970223676476825,0.2970223676476825,0.01627440637387228
FOXP3,HIF1A,0.8302825083815991,0.8302825083815991,1.2135782412864438e-17
FOXP3,IRF1,0.5441456781641097,0.5441456781641097,2.7980596896215195e-06
FOXP3,IRF4,0.7414790503967121,0.7414790503967121,1.6131487896957652e-12
FOXP3,IRF8,0.4573096550426329,0.4573096550426329,0.00012828724324134714
FOXP3,JUN,0.5011090522194315,0.5011090522194315,2.1217318673981463e-05
FOXP3,LEF1,0.5443263262113665,0.5443263262113665,2.7727049571623134e-06
FOXP3,MYC,0.8402817348775505,0.8402817348775505,2.103329102695059e-18
FOXP3,NFE2L2,0.7880356456886721,0.7880356456886721,6.7164540844081395e-15
FOXP3,NFKB1,0.7051790512749664,0.7051790512749664,5.464764663577048e-11
FOXP3,NR3C1,0.7428573677274811,0.7428573677274811,1.3950872734344754e-12
FOXP3,PAX5,0.3203145382513294,0.3203145382513294,0.009287693615178734
FOXP3,PRDM1,0.7265207094451508,0.7265207094451508,7.371226843432117e-12
FOXP3,RELA,0.6290446662506681,0.6290446662506681,2.0031096435273513e-08
FOXP3,RUNX1,0.5238112007210312,0.5238112007210312,7.543107549359529e-06
FOXP3,RUNX3,0.3619077748903512,0.3619077748903512,0.003053496432119883
FOXP3,SMAD3,0.9363073687182915,0.9363073687182915,2.4928311014919758e-30
FOXP3,SPI1,0.6958422106344262,0.6958422106344262,1.2429054627637173e-10
FOXP3,STAT1,0.657904790509165,0.657904790509165,2.6048100043416057e-09
FOXP3,STAT4,0.607619729268633,0.607619729268633,7.992771395163301e-08
FOXP3,TBX21,0.2451276660316935,0.2451276660316935,0.049059398948065144
FOXP3,TCF7,0.8497284888750749,0.8497284888750749,3.582993590735202e-19
FOXP3,TP53,0.8388392836127623,0.8388392836127623,2.7282851446485003e-18
GATA1,GATA3,-0.006003973712096067,0.006003973712096067,0.9621412161362168
GATA1,HIF1A,0.2567559600666489,0.2567559600666489,0.038959170011075094
GATA1,IRF1,0.10747268339600151,0.10747268339600151,0.3941408333582432
GATA1,IRF4,0.23702832688145495,0.23702832688145495,0.05728986182295494
GATA1,IRF8,0.048460715284109966,0.048460715284109966,0.7014623141768414
GATA1,JUN,0.15358205512603082,0.15358205512603082,0.22191387828702733
GATA1,LEF1,0.12597742984186636,0.12597742984186636,0.3173365641895913
GATA1,MYC,0.17650303107861773,0.17650303107861773,0.15958421735238656
GATA1,NFE2L2,0.2025982458876053,0.2025982458876053,0.10554632604890848
GATA1,NFKB1,0.12415348726837902,0.12415348726837902,0.32444993143844586
GATA1,NR3C1,0.23410390649527268,0.23410390649527268,0.060523802084146136
GATA1,PAX5,-0.00532416435157494,0.00532416435157494,0.9664252085063899
GATA1,PRDM1,0.209726173137501,0.209726173137501,0.0935888799551037
GATA1,RELA,0.14053480758170994,0.14053480758170994,0.264167245930522
GATA1,RUNX1,0.14144195017672362,0.14144195017672362,0.26106546801788155
GATA1,RUNX3,0.07510200860332328,0.07510200860332328,0.5521216307272028
GATA1,SMAD3,0.11417748580790106,0.11417748580790106,0.36512984797158937
GATA1,SPI1,0.3499988387271294,0.3499988387271294,0.0042628609884317785
GATA1,STAT1,0.18961935692052512,0.18961935692052512,0.13031541605879224
GATA1,STAT4,-0.012502489570778524,0.012502489570778524,0.9212603000942513
GATA1,TBX21,0.10195429905245047,0.10195429905245047,0.4190090127960112
GATA1,TCF7,0.2747593427923196,0.2747593427923196,0.02675876088436007
GATA1,TP53,0.1748169539055432,0.1748169539055432,0.16367310229669763
GATA3,HIF1A,0.1921717752825473,0.1921717752825473,0.12512580297167597
GATA3,IRF1,0.23202286343590992,0.23202286343590992,0.06291380715121886
GATA3,IRF4,0.30941409175966605,0.30941409175966605,0.012139926047611856
GATA3,IRF8,0.13080399183520644,0.13080399183520644,0.298998399782065
GATA3,JUN,0.16993132693286822,0.16993132693286822,0.175955632463189
GATA3,LEF1,0.2436886734601216,0.2436886734601216,0.05044641190956682
GATA3,MYC,0.2740393960329594,0.2740393960329594,0.027175906164150953
GATA3,NFE2L2,0.25402600359234395,0.25402600359234395,0.04116028487415634
GATA3,NFKB1,0.3994051020742368,0.3994051020742368,0.000980878116542597
GATA3,NR3C1,0.25283635099685997,0.25283635099685997,0.04215113440848894
GATA3,PAX5,0.00995577397842012,0.00995577397842012,0.9372628806505008
GATA3,PRDM1,0.23988619461238658,0.23988619461238658,0.054266428460760026
GATA3,RELA,0.24676602251304233,0.24676602251304233,0.04751841088877599
GATA3,RUNX1,0.3130460820253312,0.3130460820253312,0.011115250584116172
GATA3,RUNX3,0.24645026179714974,0.24645026179714974,0.04781227552832499
GATA3,SMAD3,0.24710563890600878,0.24710563890600878,0.04720400059190348
GATA3,SPI1,0.14132132401826886,0.14132132401826886,0.2614765000333221
GATA3,STAT1,0.23686094801745033,0.23686094801745033,0.057471091868424244
GATA3,STAT4,0.25409273541845084,0.25409273541845084,0.04110527989033744
GATA3,TBX21,0.13279256644026408,0.13279256644026408,0.29164794718570775
GATA3,TCF7,0.36846086838764464,0.36846086838764464,0.0025276454970654043
GATA3,TP53,0.30691303285888255,0.30691303285888255,0.012892150891384057
HIF1A,IRF1,0.537952666026949,0.537952666026949,3.810712246768791e-06
HIF1A,IRF4,0.7684700100902252,0.7684700100902252,7.849763823260021e-14
HIF1A,IRF8,0.43498745734030553,0.43498745734030553,0.0002934566681316904
HIF1A,JUN,0.46765249721284685,0.46765249721284685,8.572282420155465e-05
HIF1A,LEF1,0.623025077192055,0.623025077192055,2.986429994651971e-08
HIF1A,MYC,0.933649343285259,0.933649343285259,8.67775494792121e-30
HIF1A,NFE2L2,0.8809595337318721,0.8809595337318721,3.8108013301292805e-22
HIF1A,NFKB1,0.6312389487760532,0.6312389487760532,1.7280275133031112e-08
HIF1A,NR3C1,0.8439312945378626,0.8439312945378626,1.0764323477119342e-18
HIF1A,PAX5,0.3437600643352627,0.3437600643352627,0.005052002311077667
HIF1A,PRDM1,0.6906928982863906,0.6906928982863906,1.929899410998985e-10
HIF1A,RELA,0.7481114659495643,0.7481114659495643,7.95171358126156e-13
HIF1A,RUNX1,0.4533652506430366,0.4533652506430366,0.00014910640481140811
HIF1A,RUNX3,0.3169025306679024,0.3169025306679024,0.010110147356098543
HIF1A,SMAD3,0.7672369665578485,0.7672369665578485,9.09160216257933e-14
HIF1A,SPI1,0.7596983777759874,0.7596983777759874,2.1891572942190144e-13
HIF1A,STAT1,0.6409108182257092,0.6409108182257092,8.885434878880836e-09
HIF1A,STAT4,0.5431673649255798,0.5431673649255798,2.93918257544225e-06
HIF1A,TBX21,0.2657362086603301,0.2657362086603301,0.03239573493544496
HIF1A,TCF7,0.8762004291212021,0.8762004291212021,1.2158848005688433e-21
HIF1A,TP53,0.851907690519076,0.851907690519076,2.3412432072245615e-19
IRF1,IRF4,0.5371430170087664,0.5371430170087664,3.965957518238524e-06
IRF1,IRF8,0.8814734454267512,0.8814734454267512,3.352145295383163e-22
IRF1,JUN,0.19754829395508777,0.19754829395508777,0.11471032887798252
IRF1,LEF1,0.6692169134648154,0.6692169134648154,1.1011729510566001e-09
IRF1,MYC,0.5692144790650958,0.5692144790650958,7.507461970112442e-07
IRF1,NFE2L2,0.7674031750290604,0.7674031750290604,8.91385306406727e-14
IRF1,NFKB1,0.4989713362224138,0.4989713362224138,2.329999221664397e-05
IRF1,NR3C1,0.4595073799274219,0.4595073799274219,0.00011788168036143718
IRF1,PAX5,0.5172421944620025,0.5172421944620025,1.0252589911169429e-05
IRF1,PRDM1,0.3389194744881876,0.3389194744881876,0.005750381336334525
IRF1,RELA,0.4676523107372191,0.4676523107372191,8.572345730339252e-05
IRF1,RUNX1,0.5679244776806427,0.5679244776806427,8.054726219671639e-07
IRF1,RUNX3,0.44353550027768673,0.44353550027768673,0.00021520113463563778
IRF1,SMAD3,0.43478500994100255,0.43478500994100255,0.00029559107538687133
IRF1,SPI1,0.3839040918472299,0.3839040918472299,0.0015940278964825937
IRF1,STAT1,0.947326387508838,0.947326387508838,7.426595261548697e-33
IRF1,STAT4,0.5743203822448414,0.5743203822448414,5.665780536533798e-07
IRF1,TBX21,0.4542575929995264,0.4542575929995264,0.0001441418487587084
IRF1,TCF7,0.5149646949308012,0.5149646949308012,1.1386781192632525e-05
IRF1,TP53,0.6020452068946983,0.6020452068946983,1.1268542961509741e-07
IRF4,IRF8,0.42761731559294835,0.42761731559294835,0.00038094944480482026
IRF4,JUN,0.3359200276972115,0.3359200276972115,0.00622455952822759
IRF4,LEF1,0.5922796342359273,0.5922796342359273,2.0250392463100197e-07
IRF4,MYC,0.7152706298225202,0.7152706298225202,2.1677273158282625e-11
IRF4,NFE2L2,0.6945259768015948,0.6945259768015948,1.3920758647517077e-10
IRF4,NFKB1,0.739339853527439,0.739339853527439,2.017357864255844e-12
IRF4,NR3C1,0.7381474614456239,0.7381474614456239,2.2829839652539124e-12
IRF4,PAX5,0.39220136414002654,0.39220136414002654,0.0012327619288561285
IRF4,PRDM1,0.5346118091619435,0.5346118091619435,4.490297585642983e-06
IRF4,RELA,0.6551359966854003,0.6551359966854003,3.1981565218410735e-09
IRF4,RUNX1,0.6781585015555971,0.6781585015555971,5.428100349398208e-10
IRF4,RUNX3,0.5999215877502497,0.5999215877502497,1.28217827273077e-07
IRF4,SMAD3,0.6203635076797633,0.6203635076797633,3.553645521440065e-08
IRF4,SPI1,0.5410840845955952,0.5410840845955952,3.262186903488207e-06
IRF4,STAT1,0.6410481212881939,0.6410481212881939,8.80044781512505e-09
IRF4,STAT4,0.6172621649002165,0.6172621649002165,4.342985240918376e-08
IRF4,TBX21,0.5871102835482644,0.5871102835482644,2.7404061835760577e-07
IRF4,TCF7,0.6915627933536322,0.6915627933536322,1.7927884775850406e-10
IRF4,TP53,0.7084279369861225,0.7084279369861225,4.0751033551944506e-11
IRF8,JUN,0.13828079001136429,0.13828079001136429,0.2719813896657584
IRF8,LEF1,0.6257941707323802,0.6257941707323802,2.48784528667425e-08
IRF8,MYC,0.46479390051983005,0.46479390051983005,9.595082007236592e-05
IRF8,NFE2L2,0.6549943644680993,0.6549943644680993,3.231721856070872e-09
IRF8,NFKB1,0.2657420340367968,0.2657420340367968,0.03239179811049463
IRF8,NR3C1,0.3685773853884301,0.3685773853884301,0.0025190768122827388
IRF8,PAX5,0.5605486459742365,0.5605486459742365,1.1975820671507598e-06
IRF8,PRDM1,0.34058073620621016,0.34058073620621016,0.005501679822350199
IRF8,RELA,0.33101640896933715,0.33101640896933715,0.007073939403150002
IRF8,RUNX1,0.5037932461200956,0.5037932461200956,1.8847020985698525e-05
IRF8,RUNX3,0.37291711857048415,0.37291711857048415,0.002217832462858254
IRF8,SMAD3,0.4073858785188989,0.4073858785188989,0.0007568812177070685
IRF8,SPI1,0.28445135414406575,0.28445135414406575,0.02164818220422075
IRF8,STAT1,0.8618373823349506,0.8618373823349506,3.0782481071552477e-20
IRF8,STAT4,0.531496006015236,0.531496006015236,5.224692747146891e-06
IRF8,TBX21,0.4517608864401593,0.4517608864401593,0.00015842923919029566
IRF8,TCF7,0.44320085389640185,0.44320085389640185,0.0002178637137398091
IRF8,TP53,0.49721572005061665,0.49721572005061665,2.515067812233254e-05
JUN,LEF1,0.09173014143906062,0.09173014143906062,0.4673873146685448
JUN,MYC,0.46858918178102815,0.46858918178102815,8.259652595649694e-05
JUN,NFE2L2,0.4447687627576283,0.4447687627576283,0.00020564412728764134
JUN,NFKB1,0.5780891259689912,0.5780891259689912,4.588834575992888e-07
JUN,NR3C1,0.7300041475071715,0.7300041475071715,5.221289033345447e-12
JUN,PAX5,0.1350159070482672,0.1350159070482672,0.2835712582445456
JUN,PRDM1,0.5072667040885247,0.5072667040885247,1.6144373469993148e-05
JUN,RELA,0.7243772333571553,0.7243772333571553,9.089985225795962e-12
JUN,RUNX1,0.05071598008049488,0.05071598008049488,0.6882655422521916
JUN,RUNX3,-0.10406913324135866,0.10406913324135866,0.40937401019622777
JUN,SMAD3,0.5119628906762301,0.5119628906762301,1.3060570528744738e-05
JUN,SPI1,0.5120405590183622,0.5120405590183622,1.3014520094815098e-05
JUN,STAT1,0.3040829999897768,0.3040829999897768,0.013791532532852554
JUN,STAT4,0.11516886231681572,0.11516886231681572,0.3609536008381248
JUN,TBX21,-0.19371596434242666,0.19371596434242666,0.12206337854038378
JUN,TCF7,0.5649331381971902,0.5649331381971902,9.471372334152623e-07
JUN,TP53,0.6846915684013754,0.6846915684013754,3.186687015101128e-10
LEF1,MYC,0.6533862867587831,0.6533862867587831,3.6370428161454598e-09
LEF1,NFE2L2,0.6560003401746538,0.6560003401746538,3.0003813009266916e-09
LEF1,NFKB1,0.4366848712588771,0.4366848712588771,0.00027610727992126574
LEF1,NR3C1,0.43980058612569717,0.43980058612569717,0.00024668105278774835
LEF1,PAX5,0.5169974720605025,0.5169974720605025,1.0369209053386766e-05
LEF1,PRDM1,0.2647631708873024,0.2647631708873024,0.03305895728103274
LEF1,RELA,0.35822301971565457,0.35822301971565457,0.0033901157338571157
LEF1,RUNX1,0.6401717556818554,0.6401717556818554,9.356425910473603e-09
LEF1,RUNX3,0.511460148284699,0.511460148284699,1.336233964695652e-05
LEF1,SMAD3,0.3975031801914398,0.3975031801914398,0.0010424093191857033
LEF1,SPI1,0.29622591957940053,0.29622591957940053,0.01657716441985117
LEF1,STAT1,0.7109318830433576,0.7109318830433576,3.241450447641469e-11
LEF1,STAT4,0.6335419163093087,0.6335419163093087,1.4780048299729664e-08
LEF1,TBX21,0.48307443146198753,0.48307443146198753,4.585591077576596e-05
LEF1,TCF7,0.6062453120333111,0.6062453120333111,8.704461421835965e-08
LEF1,TP53,0.47018330891157645,0.47018330891157645,7.751659504375762e-05
MYC,NFE2L2,0.8891763213120397,0.8891763213120397,4.553188100804081e-23
MYC,NFKB1,0.6837096911969911,0.6837096911969911,3.455284030436719e-10
MYC,NR3C1,0.7601298446773339,0.7601298446773339,2.0835860749701338e-13
MYC,PAX5,0.41000016797037897,0.41000016797037897,0.0006942869639792579
MYC,PRDM1,0.5696392043567016,0.5696392043567016,7.335061652232116e-07
MYC,RELA,0.6948869556481077,0.6948869556481077,1.3495500531073414e-10
MYC,RUNX1,0.5842546451105244,0.5842546451105244,3.231607384616036e-07
MYC,RUNX3,0.43725764449243204,0.43725764449243204,0.00027046799211762794
MYC,SMAD3,0.7266148962207702,0.7266148962207702,7.303323111327926e-12
MYC,SPI1,0.5678657937843138,0.5678657937843138,8.080492055491551e-07
MYC,STAT1,0.6821243422702582,0.6821243422702582,3.934975133184445e-10
MYC,STAT4,0.7103099294922591,0.7103099294922591,3.431836143060141e-11
MYC,TBX21,0.33675589176212234,0.33675589176212234,0.006089084741649293
MYC,TCF7,0.8386647756714442,0.8386647756714442,2.815031121208349e-18
MYC,TP53,0.8389211426357558,0.8389211426357558,2.688485631423191e-18
NFE2L2,NFKB1,0.6150534559152829,0.6150534559152829,5.0032872935529945e-08
NFE2L2,NR3C1,0.7839254748267316,0.7839254748267316,1.1496162299904153e-14
NFE2L2,PAX5,0.5170226866699525,0.5170226866699525,1.0357136515656499e-05
NFE2L2,PRDM1,0.6204917830998742,0.6204917830998742,3.524118464077243e-08
NFE2L2,RELA,0.7031862336559569,0.7031862336559569,6.529677326427674e-11
NFE2L2,RUNX1,0.5315923655540153,0.5315923655540153,5.200391639773921e-06
NFE2L2,RUNX3,0.3667332652792851,0.3667332652792851,0.00265778208153166
NFE2L2,SMAD3,0.7028189117692012,0.7028189117692012,6.746434880268071e-11
NFE2L2,SPI1,0.6423792518679671,0.6423792518679671,8.01551113372609e-09
NFE2L2,STAT1,0.840380622920794,0.840380622920794,2.0659544551164275e-18
NFE2L2,STAT4,0.6080899896083504,0.6080899896083504,7.762152113481615e-08
NFE2L2,TBX21,0.3266832990574752,0.3266832990574752,0.007907324201322686
NFE2L2,TCF7,0.8140725800526925,0.8140725800526925,1.653807725896183e-16
NFE2L2,TP53,0.8531075293755525,0.8531075293755525,1.8468532903529763e-19
NFKB1,NR3C1,0.6855851775820242,0.6855851775820242,2.959618747816736e-10
NFKB1,PAX5,0.318121830931595,0.318121830931595,0.009809249553078658
NFKB1,PRDM1,0.38927218916746875,0.38927218916746875,0.0013508652245379155
NFKB1,RELA,0.6980206759188274,0.6980206759188274,1.0289355103650014e-10
NFKB1,RUNX1,0.6646663126389559,0.6646663126389559,1.5638754482636974e-09
NFKB1,RUNX3,0.5934769082641014,0.5934769082641014,1.88658199649578e-07
NFKB1,SMAD3,0.5349290648999281,0.5349290648999281,4.421197709592205e-06
NFKB1,SPI1,0.4521725757613021,0.4521725757613021,0.00015598721809248004
NFKB1,STAT1,0.5648501668443903,0.5648501668443903,9.513815425274529e-07
NFKB1,STAT4,0.6095885150114123,0.6095885150114123,7.068477728767857e-08
NFKB1,TBX21,0.4175234224021901,0.4175234224021901,0.0005394511379967779
NFKB1,TCF7,0.5962355355020436,0.5962355355020436,1.6007744693890816e-07
NFKB1,TP53,0.6917600035678108,0.6917600035678108,1.7630217156311744e-10
NR3C1,PAX5,0.29477047497486114,0.29477047497486114,0.017142910704660917
NR3C1,PRDM1,0.7429133508643944,0.7429133508643944,1.3868551574748708e-12
NR3C1,RELA,0.9260371128977007,0.9260371128977007,2.3642199023812612e-28
NR3C1,RUNX1,0.2935836630938118,0.2935836630938118,0.017616394775814087
NR3C1,RUNX3,0.15368880787572706,0.15368880787572706,0.22158889507389457
NR3C1,SMAD3,0.7171837082941556,0.7171837082941556,1.8110567923973947e-11
NR3C1,SPI1,0.7666839358300487,0.7666839358300487,9.707809100860407e-14
NR3C1,STAT1,0.5599818371672569,0.5599818371672569,1.2341591048436584e-06
NR3C1,STAT4,0.33378755391718673,0.33378755391718673,0.006582249842663411
NR3C1,TBX21,0.11986841098567144,0.11986841098567144,0.34155686983501765
NR3C1,TCF7,0.8462349504702931,0.8462349504702931,6.990361075943341e-19
NR3C1,TP53,0.8898720273800337,0.8898720273800337,3.7746433924529945e-23
PAX5,PRDM1,0.1932618739571867,0.1932618739571867,0.12295793115660834
PAX5,RELA,0.2160882140740075,0.2160882140740075,0.08383673891801824
PAX5,RUNX1,0.5007098309461914,0.5007098309461914,2.1592626251492056e-05
PAX5,RUNX3,0.41556314289373136,0.41556314289373136,0.0005764371489403649
PAX5,SMAD3,0.2300690039383156,0.2300690039383156,0.06522649868187096
PAX5,SPI1,0.11759191240343628,0.11759191240343628,0.35087005484089845
PAX5,STAT1,0.5906350974311789,0.5906350974311789,2.230893461913232e-07
PAX5,STAT4,0.49559584725249084,0.49559584725249084,2.697838542132376e-05
PAX5,TBX21,0.4268072189826146,0.4268072189826146,0.0003918926388828411
PAX5,TCF7,0.24081683067736634,0.24081683067736634,0.05331039735813634
PAX5,TP53,0.3776688015031585,0.3776688015031585,0.0019253024755099338
PRDM1,RELA,0.6393911349799748,0.6393911349799748,9.879556290315509e-09
PRDM1,RUNX1,0.04622423294184734,0.04622423294184734,0.7146365678517511
PRDM1,RUNX3,-0.08738179943910146,0.08738179943910146,0.48884263586720683
PRDM1,SMAD3,0.8214943741076056,0.8214943741076056,5.167616128128382e-17
PRDM1,SPI1,0.8556516471925526,0.8556516471925526,1.1090427316668398e-19
PRDM1,STAT1,0.4279714579873523,0.4279714579873523,0.00037625364664629614
PRDM1,STAT4,0.1405481669921321,0.1405481669921321,0.26412138715442457
PRDM1,TBX21,-0.1100270931407232,0.1100270931407232,0.382931297706032
PRDM1,TCF7,0.7815466236150838,0.7815466236150838,1.560785777053559e-14
PRDM1,TP53,0.7824205901027561,0.7824205901027561,1.3955655497988245e-14
RELA,RUNX1,0.22577701397335026,0.22577701397335026,0.07054711446073143
RELA,RUNX3,0.11350035419993282,0.11350035419993282,0.3679991703817226
RELA,SMAD3,0.6092825816637223,0.6092825816637223,7.205153522810024e-08
RELA,SPI1,0.6727709149067037,0.6727709149067037,8.337139925544077e-10
RELA,STAT1,0.5361281325626887,0.5361281325626887,4.168909847431487e-06
RELA,STAT4,0.27699181885326885,0.27699181885326885,0.025499391496309406
RELA,TBX21,0.08727536607987113,0.08727536607987113,0.489374205341095
RELA,TCF7,0.750146963620376,0.750146963620376,6.371816606778162e-13
RELA,TP53,0.8551187292730441,0.8551187292730441,1.2350696793749077e-19
RUNX1,RUNX3,0.9523110314350207,0.9523110314350207,3.4957700111453203e-34
RUNX1,SMAD3,0.26820324430409476,0.26820324430409476,0.030763898978262323
RUNX1,SPI1,0.05291162224446748,0.05291162224446748,0.6755059974383533
RUNX1,STAT1,0.6335708310542193,0.6335708310542193,1.475095345431771e-08
RUNX1,STAT4,0.8753760378247891,0.8753760378247891,1.4793431543641026e-21
RUNX1,TBX21,0.883249544024324,0.883249544024324,2.1421142576796813e-22
RUNX1,TCF7,0.3735918670670527,0.3735918670670527,0.002174007374150004
RUNX1,TP53,0.3620245931703058,0.3620245931703058,0.003043329179232294
RUNX3,SMAD3,0.09754540738293954,0.09754540738293954,0.43950881103968487
RUNX3,SPI1,-0.0849528599414218,0.0849528599414218,0.5010489415295618
RUNX3,STAT1,0.48343403581044797,0.48343403581044797,4.517555341123428e-05
RUNX3,STAT4,0.8306953488500802,0.8306953488500802,1.1314323146758484e-17
RUNX3,TBX21,0.933454292696827,0.933454292696827,9.490121025420577e-30
RUNX3,TCF7,0.1948133717176431,0.1948133717176431,0.11992200235723836
RUNX3,TP53,0.1991589177365165,0.1991589177365165,0.1117235424084863
SMAD3,SPI1,0.7671872524759104,0.7671872524759104,9.145424608946746e-14
SMAD3,STAT1,0.5362857824021217,0.5362857824021217,4.136759392706119e-06
SMAD3,STAT4,0.3857191232402677,0.3857191232402677,0.001507735027834383
SMAD3,TBX21,0.006589867349300703,0.006589867349300703,0.9584499089197885
SMAD3,TCF7,0.8229752029269731,0.8229752029269731,4.0709792566739315e-17
SMAD3,TP53,0.8166362202158549,0.8166362202158549,1.1131615308967555e-16
SPI1,STAT1,0.4581137232376571,0.4581137232376571,0.00012438602324588204
SPI1,STAT4,0.06465391368916486,0.06465391368916486,0.6088761536639267
SPI1,TBX21,-0.12245033300793606,0.12245033300793606,0.33118296413154835
SPI1,TCF7,0.7694181747991184,0.7694181747991184,7.007153654143972e-14
SPI1,TP53,0.7542826648043931,0.7542826648043931,4.03598340764416e-13
STAT1,STAT4,0.6416177601986112,0.6416177601986112,8.456018145487066e-09
STAT1,TBX21,0.48477695980259483,0.48477695980259483,4.271651196018031e-05
STAT1,TCF7,0.6238712854554872,0.6238712854554872,2.8248310594023153e-08
STAT1,TP53,0.7104568485753116,0.7104568485753116,3.385923250204086e-11
STAT4,TBX21,0.7446668571401358,0.7446668571401358,1.1513014808756786e-12
STAT4,TCF7,0.4639601625575861,0.4639601625575861,9.913905671839997e-05
STAT4,TP53,0.4743452926155882,0.4743452926155882,6.558088544169583e-05
TBX21,TCF7,0.1170391251822651,0.1170391251822651,0.3531549973354362
TBX21,TP53,0.13282795170571834,0.13282795170571834,0.29151823395549986
TCF7,TP53,0.8610750112546025,0.8610750112546025,3.617002656945705e-20
